club_id,club,country_code,source_url,source_page,snapshot_date,competition,gender,entity_id,entity_type,name,confederation,has_stats,matches,goals,goals_against,possession_pct,high_press_pct,counter_press_pct,pass_completion_pct,participation_min_usd,participation_max_usd
alahlyfc,Al Ahly FC,EGY,https://fdp.fifa.org/assetspublic/ce233/pdf/SquadLists-English.pdf,1,2025-07-04,FIFA Club World Cup 2025,male,alahlyfc,club,Al Ahly FC,CAF,True,3,4,6,46.833,2.333,11.333,87.198,9550000,9550000
alainfc,Al Ain FC,UAE,https://fdp.fifa.org/assetspublic/ce233/pdf/SquadLists-English.pdf,2,2025-07-04,FIFA Club World Cup 2025,male,alainfc,club,Al Ain FC,AFC,True,3,2,12,33.733,3.667,7.333,82.567,9550000,9550000
alhilal,Al Hilal,KSA,https://fdp.fifa.org/assetspublic/ce233/pdf/SquadLists-English.pdf,3,2025-07-04,FIFA Club World Cup 2025,male,alhilal,club,Al Hilal,AFC,True,5,8,6,43.58,3.4,8.4,85.869,9550000,9550000
atleticodemadrid,Atlético De Madrid,ESP,https://fdp.fifa.org/assetspublic/ce233/pdf/SquadLists-English.pdf,4,2025-07-04,FIFA Club World Cup 2025,male,atleticodemadrid,club,Atlético De Madrid,UEFA,True,3,4,5,43.867,7.667,10.0,88.017,12810000,38190000
aucklandcityfc,Auckland City FC,NZL,https://fdp.fifa.org/assetspublic/ce233/pdf/SquadLists-English.pdf,5,2025-07-04,FIFA Club World Cup 2025,male,aucklandcityfc,club,Auckland City FC,OFC,True,3,1,17,28.533,0.333,6.333,72.903,3580000,3580000
borussiadortmund,Borussia Dortmund,GER,https://fdp.fifa.org/assetspublic/ce233/pdf/SquadLists-English.pdf,6,2025-07-04,FIFA Club World Cup 2025,male,borussiadortmund,club,Borussia Dortmund,UEFA,True,5,9,7,44.86,8.4,9.2,87.787,12810000,38190000
botafogo,Botafogo,BRA,https://fdp.fifa.org/assetspublic/ce233/pdf/SquadLists-English.pdf,7,2025-07-04,FIFA Club World Cup 2025,male,botafogo,club,Botafogo,CONMEBOL,True,4,3,3,36.475,2.5,7.75,82.955,15210000,15210000
cabocajuniors,CA Boca Juniors,ARG,https://fdp.fifa.org/assetspublic/ce233/pdf/SquadLists-English.pdf,8,2025-07-04,FIFA Club World Cup 2025,male,cabocajuniors,club,CA Boca Juniors,CONMEBOL,True,3,4,5,41.867,2.667,10.333,82.228,15210000,15210000
cariverplate,CA River Plate,ARG,https://fdp.fifa.org/assetspublic/ce233/pdf/SquadLists-English.pdf,9,2025-07-04,FIFA Club World Cup 2025,male,cariverplate,club,CA River Plate,CONMEBOL,True,3,3,3,42.567,8.667,11.667,83.852,15210000,15210000
cfmonterrey,CF Monterrey,MEX,https://fdp.fifa.org/assetspublic/ce233/pdf/SquadLists-English.pdf,10,2025-07-04,FIFA Club World Cup 2025,male,cfmonterrey,club,CF Monterrey,Concacaf,True,4,6,3,49.05,5.5,11.75,86.475,9550000,9550000
cfpachuca,CF Pachuca,MEX,https://fdp.fifa.org/assetspublic/ce233/pdf/SquadLists-English.pdf,11,2025-07-04,FIFA Club World Cup 2025,male,cfpachuca,club,CF Pachuca,Concacaf,True,3,2,7,46.467,6.667,10.333,87.837,9550000,9550000
chelseafc,Chelsea FC,ENG,https://fdp.fifa.org/assetspublic/ce233/pdf/SquadLists-English.pdf,12,2025-07-04,FIFA Club World Cup 2025,male,chelseafc,club,Chelsea FC,UEFA,True,7,17,5,52.629,7.286,9.0,90.152,12810000,38190000
crflamengo,CR Flamengo,BRA,https://fdp.fifa.org/assetspublic/ce233/pdf/SquadLists-English.pdf,13,2025-07-04,FIFA Club World Cup 2025,male,crflamengo,club,CR Flamengo,CONMEBOL,True,4,8,6,53.975,8.75,10.0,90.189,15210000,15210000
esperancedetunisie,Espérance De Tunisie,TUN,https://fdp.fifa.org/assetspublic/ce233/pdf/SquadLists-English.pdf,14,2025-07-04,FIFA Club World Cup 2025,male,esperancedetunisie,club,Espérance De Tunisie,CAF,True,3,1,5,32.133,3.0,6.667,80.606,9550000,9550000
fcbayernmunchen,FC Bayern München,GER,https://fdp.fifa.org/assetspublic/ce233/pdf/SquadLists-English.pdf,15,2025-07-04,FIFA Club World Cup 2025,male,fcbayernmunchen,club,FC Bayern München,UEFA,True,5,16,6,57.76,11.4,12.2,89.408,12810000,38190000
fcinternazionalemilano,FC Internazionale Milano,ITA,https://fdp.fifa.org/assetspublic/ce233/pdf/SquadLists-English.pdf,16,2025-07-04,FIFA Club World Cup 2025,male,fcinternazionalemilano,club,FC Internazionale Milano,UEFA,True,4,5,4,60.1,5.75,13.75,88.4,12810000,38190000
fcporto,FC Porto,POR,https://fdp.fifa.org/assetspublic/ce233/pdf/SquadLists-English.pdf,17,2025-07-04,FIFA Club World Cup 2025,male,fcporto,club,FC Porto,UEFA,True,3,5,6,46.9,5.333,10.667,86.314,12810000,38190000
fcsalzburg,FC Salzburg,AUT,https://fdp.fifa.org/assetspublic/ce233/pdf/SquadLists-English.pdf,18,2025-07-04,FIFA Club World Cup 2025,male,fcsalzburg,club,FC Salzburg,UEFA,True,3,2,4,43.433,4.333,10.333,86.456,12810000,38190000
fluminensefc,Fluminense FC,BRA,https://fdp.fifa.org/assetspublic/ce233/pdf/SquadLists-English.pdf,19,2025-07-04,FIFA Club World Cup 2025,male,fluminensefc,club,Fluminense FC,CONMEBOL,True,6,8,5,42.083,4.667,8.333,85.435,15210000,15210000
intermiamicf,Inter Miami CF,USA,https://fdp.fifa.org/assetspublic/ce233/pdf/SquadLists-English.pdf,20,2025-07-04,FIFA Club World Cup 2025,male,intermiamicf,club,Inter Miami CF,Concacaf,True,4,4,7,42.8,3.25,8.25,86.761,9550000,9550000
juventusfc,Juventus FC,ITA,https://fdp.fifa.org/assetspublic/ce233/pdf/SquadLists-English.pdf,21,2025-07-04,FIFA Club World Cup 2025,male,juventusfc,club,Juventus FC,UEFA,True,4,11,7,46.35,5.0,10.0,88.182,12810000,38190000
lafc,LAFC,USA,https://fdp.fifa.org/assetspublic/ce233/pdf/SquadLists-English.pdf,22,2025-07-04,FIFA Club World Cup 2025,male,lafc,club,LAFC,Concacaf,True,3,1,4,39.933,4.0,6.667,87.648,9550000,9550000
mamelodisundownsfc,Mamelodi Sundowns FC,RSA,https://fdp.fifa.org/assetspublic/ce233/pdf/SquadLists-English.pdf,23,2025-07-04,FIFA Club World Cup 2025,male,mamelodisundownsfc,club,Mamelodi Sundowns FC,CAF,True,3,4,4,59.333,7.333,15.333,89.677,9550000,9550000
manchestercity,Manchester City,ENG,https://fdp.fifa.org/assetspublic/ce233/pdf/SquadLists-English.pdf,24,2025-07-04,FIFA Club World Cup 2025,male,manchestercity,club,Manchester City,UEFA,True,4,16,6,66.4,14.0,14.0,93.438,12810000,38190000
palmeiras,Palmeiras,BRA,https://fdp.fifa.org/assetspublic/ce233/pdf/SquadLists-English.pdf,25,2025-07-04,FIFA Club World Cup 2025,male,palmeiras,club,Palmeiras,CONMEBOL,True,5,6,4,41.86,4.8,9.0,83.918,15210000,15210000
parissaintgermain,Paris Saint-Germain,FRA,https://fdp.fifa.org/assetspublic/ce233/pdf/SquadLists-English.pdf,26,2025-07-04,FIFA Club World Cup 2025,male,parissaintgermain,club,Paris Saint-Germain,UEFA,True,7,16,4,62.143,10.0,13.286,91.771,12810000,38190000
realmadridcf,Real Madrid C. F.,ESP,https://fdp.fifa.org/assetspublic/ce233/pdf/SquadLists-English.pdf,27,2025-07-04,FIFA Club World Cup 2025,male,realmadridcf,club,Real Madrid C. F.,UEFA,True,6,11,8,45.85,5.0,8.0,90.171,12810000,38190000
seattlesoundersfc,Seattle Sounders FC,USA,https://fdp.fifa.org/assetspublic/ce233/pdf/SquadLists-English.pdf,28,2025-07-04,FIFA Club World Cup 2025,male,seattlesoundersfc,club,Seattle Sounders FC,Concacaf,True,3,2,7,40.267,5.667,8.0,84.604,9550000,9550000
slbenfica,SL Benfica,POR,https://fdp.fifa.org/assetspublic/ce233/pdf/SquadLists-English.pdf,29,2025-07-04,FIFA Club World Cup 2025,male,slbenfica,club,SL Benfica,UEFA,True,4,10,6,44.15,4.0,10.75,84.911,12810000,38190000
ulsanhd,Ulsan HD,KOR,https://fdp.fifa.org/assetspublic/ce233/pdf/SquadLists-English.pdf,30,2025-07-04,FIFA Club World Cup 2025,male,ulsanhd,club,Ulsan HD,AFC,True,3,2,6,32.133,4.0,7.0,81.972,9550000,9550000
urawareddiamonds,Urawa Red Diamonds,JPN,https://fdp.fifa.org/assetspublic/ce233/pdf/SquadLists-English.pdf,31,2025-07-04,FIFA Club World Cup 2025,male,urawareddiamonds,club,Urawa Red Diamonds,AFC,True,3,2,9,32.5,6.333,8.667,78.147,9550000,9550000
wydadac,Wydad AC,MAR,https://fdp.fifa.org/assetspublic/ce233/pdf/SquadLists-English.pdf,32,2025-07-04,FIFA Club World Cup 2025,male,wydadac,club,Wydad AC,CAF,True,3,2,8,37.133,4.333,9.667,83.434,9550000,9550000
