match_id,date,club_id,club,opponent,goals,goals_against,source_url,source_page,phases_page,possession_pct,formation,build_up_unopposed_pct,build_up_opposed_pct,progression_pct,final_third_pct,long_ball_pct,attacking_transition_pct,counter_attack_pct,high_press_pct,mid_press_pct,low_press_pct,high_block_pct,mid_block_pct,low_block_pct,counter_press_pct,passes_attempted,passes_completed,line_breaks_completed,direct_pressures,shots,distance_m,pass_completion_pct
1,2025-06-14,alahlyfc,Al Ahly FC,Inter Miami CF,0,0,https://www.fifatrainingcentre.com/media/native/tournaments/fcwc/2025/M01%20AHL%20V%20MIA%20POST%20MATCH%20REPORT.pdf,3,4,42.7,4-4-2,34.0,9.0,18.0,12.0,2.0,21.0,3.0,3.0,3.0,0.0,3.0,25.0,21.0,9.0,423.0,370.0,88.0,51.0,11.0,105605.1,87.47044917257683
1,2025-06-14,intermiamicf,Inter Miami CF,Al Ahly FC,0,0,https://www.fifatrainingcentre.com/media/native/tournaments/fcwc/2025/M01%20AHL%20V%20MIA%20POST%20MATCH%20REPORT.pdf,3,4,49.6,4-4-2,44.0,10.0,13.0,10.0,2.0,16.0,1.0,5.0,5.0,1.0,12.0,23.0,10.0,10.0,499.0,443.0,98.0,34.0,13.0,105180.6,88.77755511022045
2,2025-06-15,fcbayernmunchen,FC Bayern München,Auckland City FC,10,0,https://www.fifatrainingcentre.com/media/native/tournaments/fcwc/2025/M02%20BAY%20V%20AKL%20POST%20MATCH%20REPORT.pdf,3,4,64.3,4-2-3-1,42.0,19.0,18.0,56.0,0.0,9.0,1.0,13.0,4.0,0.0,7.0,12.0,3.0,13.0,797.0,728.0,141.0,28.0,31.0,120404.9,91.34253450439147
2,2025-06-15,aucklandcityfc,Auckland City FC,FC Bayern München,0,10,https://www.fifatrainingcentre.com/media/native/tournaments/fcwc/2025/M02%20BAY%20V%20AKL%20POST%20MATCH%20REPORT.pdf,3,4,28.6,5-2-3,28.0,13.0,9.0,3.0,9.0,22.0,4.0,0.0,1.0,0.0,1.0,7.0,72.0,6.0,344.0,253.0,41.0,45.0,1.0,115895.5,73.54651162790698
3,2025-06-15,parissaintgermain,Paris Saint-Germain,Atlético De Madrid,4,0,https://www.fifatrainingcentre.com/media/native/tournaments/fcwc/2025/M03%20PSG%20V%20ATM%20POST%20MATCH%20REPORT.pdf,3,4,69.5,4-1-2-3,41.0,21.0,17.0,19.0,1.0,8.0,0.0,13.0,7.0,0.0,10.0,10.0,5.0,11.0,832.0,792.0,155.0,34.0,15.0,106194.29999999999,95.1923076923077
3,2025-06-15,atleticodemadrid,Atlético De Madrid,Paris Saint-Germain,0,4,https://www.fifatrainingcentre.com/media/native/tournaments/fcwc/2025/M03%20PSG%20V%20ATM%20POST%20MATCH%20REPORT.pdf,3,4,25.5,4-4-2,17.0,15.0,24.0,10.0,4.0,15.0,2.0,7.0,5.0,0.0,4.0,28.0,30.0,6.0,287.0,240.0,73.0,64.0,5.0,109397.6,83.62369337979094
4,2025-06-15,palmeiras,Palmeiras,FC Porto,0,0,https://www.fifatrainingcentre.com/media/native/tournaments/fcwc/2025/M04%20PAL%20V%20POR%20POST%20MATCH%20REPORT.pdf,3,4,48.7,3-4-3,34.0,12.0,19.0,22.0,3.0,12.0,2.0,6.0,4.0,0.0,5.0,21.0,11.0,13.0,409.0,340.0,90.0,45.0,17.0,104889.9,83.12958435207824
4,2025-06-15,fcporto,FC Porto,Palmeiras,0,0,https://www.fifatrainingcentre.com/media/native/tournaments/fcwc/2025/M04%20PAL%20V%20POR%20POST%20MATCH%20REPORT.pdf,3,4,40.6,3-4-3,35.0,12.0,14.0,11.0,5.0,18.0,2.0,2.0,3.0,0.0,3.0,20.0,30.0,10.0,337.0,272.0,79.0,40.0,12.0,106024.9,80.71216617210682
5,2025-06-15,botafogo,Botafogo,Seattle Sounders FC,2,1,https://www.fifatrainingcentre.com/media/native/tournaments/fcwc/2025/M05%20BOT%20V%20SEA%20POST%20MATCH%20REPORT.pdf,3,4,38.8,4-4-2,33.0,12.0,12.0,13.0,7.0,18.0,3.0,4.0,5.0,1.0,3.0,20.0,27.0,9.0,416.0,345.0,74.0,62.0,11.0,114772.8,82.9326923076923
5,2025-06-15,seattlesoundersfc,Seattle Sounders FC,Botafogo,1,2,https://www.fifatrainingcentre.com/media/native/tournaments/fcwc/2025/M05%20BOT%20V%20SEA%20POST%20MATCH%20REPORT.pdf,3,4,52.4,4-2-3-1,31.0,17.0,19.0,28.0,2.0,12.0,1.0,4.0,4.0,0.0,4.0,18.0,18.0,10.0,599.0,538.0,159.0,36.0,25.0,119468.7,89.81636060100168
6,2025-06-16,chelseafc,Chelsea FC,LAFC,2,0,https://www.fifatrainingcentre.com/media/native/tournaments/fcwc/2025/M06%20CHE%20V%20LAF%20POST%20MATCH%20REPORT.pdf,3,4,60.6,4-2-1-3,36.0,19.0,21.0,22.0,1.0,8.0,1.0,8.0,5.0,0.0,7.0,18.0,11.0,11.0,737.0,683.0,141.0,46.0,17.0,106001.0,92.67299864314789
6,2025-06-16,lafc,LAFC,Chelsea FC,0,2,https://www.fifatrainingcentre.com/media/native/tournaments/fcwc/2025/M06%20CHE%20V%20LAF%20POST%20MATCH%20REPORT.pdf,3,4,33.4,4-1-2-3,25.0,15.0,21.0,15.0,4.0,16.0,3.0,4.0,5.0,1.0,7.0,29.0,28.0,6.0,402.0,343.0,95.0,59.0,8.0,112105.6,85.32338308457712
7,2025-06-16,cabocajuniors,CA Boca Juniors,SL Benfica,2,2,https://www.fifatrainingcentre.com/media/native/tournaments/fcwc/2025/M07%20BOC%20V%20SLB%20POST%20MATCH%20REPORT.pdf,3,4,34.6,4-1-2-3,25.0,9.0,12.0,12.0,10.0,20.0,2.0,1.0,1.0,1.0,2.0,23.0,34.0,11.0,292.0,205.0,52.0,64.0,10.0,105840.8,70.20547945205479
7,2025-06-16,slbenfica,SL Benfica,CA Boca Juniors,2,2,https://www.fifatrainingcentre.com/media/native/tournaments/fcwc/2025/M07%20BOC%20V%20SLB%20POST%20MATCH%20REPORT.pdf,3,4,54.4,4-2-3-1,37.0,12.0,24.0,20.0,1.0,15.0,1.0,4.0,4.0,1.0,6.0,19.0,9.0,15.0,431.0,371.0,93.0,33.0,7.0,104701.4,86.07888631090488
8,2025-06-16,crflamengo,CR Flamengo,Espérance De Tunisie,2,0,https://www.fifatrainingcentre.com/media/native/tournaments/fcwc/2025/M08%20FLA%20V%20EST%20POST%20MATCH%20REPORT.pdf,3,4,63.6,4-2-3-1,43.0,16.0,20.0,10.0,1.0,10.0,1.0,8.0,5.0,0.0,10.0,14.0,14.0,15.0,710.0,654.0,134.0,52.0,12.0,109376.5,92.11267605633803
8,2025-06-16,esperancedetunisie,Espérance De Tunisie,CR Flamengo,0,2,https://www.fifatrainingcentre.com/media/native/tournaments/fcwc/2025/M08%20FLA%20V%20EST%20POST%20MATCH%20REPORT.pdf,3,4,29.8,4-2-3-1,29.0,11.0,18.0,12.0,4.0,18.0,2.0,5.0,5.0,0.0,4.0,35.0,18.0,8.0,325.0,261.0,61.0,54.0,6.0,107426.5,80.3076923076923
9,2025-06-17,fluminensefc,Fluminense FC,Borussia Dortmund,0,0,https://www.fifatrainingcentre.com/media/native/tournaments/fcwc/2025/M09%20FLU%20v%20BVB%20POST%20MATCH%20REPORT.pdf,3,4,45.2,4-1-2-3,25.0,19.0,14.0,18.0,5.0,15.0,2.0,7.0,4.0,1.0,3.0,24.0,22.0,10.0,497.0,420.0,103.0,60.0,14.0,110929.1,84.50704225352112
9,2025-06-17,borussiadortmund,Borussia Dortmund,Fluminense FC,0,0,https://www.fifatrainingcentre.com/media/native/tournaments/fcwc/2025/M09%20FLU%20v%20BVB%20POST%20MATCH%20REPORT.pdf,3,4,47.4,3-4-3,37.0,17.0,19.0,13.0,3.0,12.0,1.0,9.0,7.0,0.0,5.0,15.0,19.0,10.0,589.0,520.0,115.0,40.0,7.0,118829.5,88.28522920203736
10,2025-06-17,cariverplate,CA River Plate,Urawa Red Diamonds,3,1,https://www.fifatrainingcentre.com/media/native/tournaments/fcwc/2025/M10%20RIV%20V%20URD%20POST%20MATCH%20REPORT.pdf,3,4,51.9,4-1-2-3,37.0,19.0,14.0,10.0,5.0,14.0,2.0,7.0,7.0,1.0,4.0,16.0,11.0,13.0,600.0,517.0,126.0,53.0,13.0,112423.0,86.16666666666667
10,2025-06-17,urawareddiamonds,Urawa Red Diamonds,CA River Plate,1,3,https://www.fifatrainingcentre.com/media/native/tournaments/fcwc/2025/M10%20RIV%20V%20URD%20POST%20MATCH%20REPORT.pdf,3,4,40.1,4-2-3-1,24.0,15.0,20.0,12.0,4.0,17.0,4.0,7.0,6.0,1.0,5.0,30.0,14.0,9.0,396.0,314.0,80.0,46.0,10.0,116812.1,79.29292929292929
11,2025-06-17,ulsanhd,Ulsan HD,Mamelodi Sundowns FC,0,1,https://www.fifatrainingcentre.com/media/native/tournaments/fcwc/2025/M11%20UHD%20V%20MSU%20POST%20MATCH%20REPORT%20V2.pdf,3,4,30.3,4-4-2,22.0,10.0,21.0,19.0,2.0,19.0,4.0,7.0,5.0,0.0,9.0,27.0,22.0,6.0,328.0,282.0,84.0,48.0,8.0,110895.2,85.97560975609755
11,2025-06-17,mamelodisundownsfc,Mamelodi Sundowns FC,Ulsan HD,1,0,https://www.fifatrainingcentre.com/media/native/tournaments/fcwc/2025/M11%20UHD%20V%20MSU%20POST%20MATCH%20REPORT%20V2.pdf,3,4,62.3,4-2-3-1,48.0,19.0,14.0,10.0,2.0,9.0,1.0,7.0,3.0,1.0,9.0,18.0,11.0,15.0,742.0,682.0,119.0,37.0,14.0,107662.2,91.91374663072776
12,2025-06-17,cfmonterrey,CF Monterrey,FC Internazionale Milano,1,1,https://www.fifatrainingcentre.com/media/native/tournaments/fcwc/2025/M12%20CFM%20V%20INT%20POST%20MATCH%20REPORT.pdf,3,4,33.7,3-5-2,29.0,14.0,11.0,5.0,7.0,20.0,3.0,4.0,3.0,1.0,4.0,18.0,35.0,9.0,363.0,281.0,79.0,50.0,10.0,111518.7,77.41046831955923
12,2025-06-17,fcinternazionalemilano,FC Internazionale Milano,CF Monterrey,1,1,https://www.fifatrainingcentre.com/media/native/tournaments/fcwc/2025/M12%20CFM%20V%20INT%20POST%20MATCH%20REPORT.pdf,3,4,57.6,3-5-2,35.0,16.0,21.0,24.0,1.0,13.0,1.0,7.0,5.0,0.0,6.0,13.0,8.0,15.0,572.0,498.0,110.0,34.0,15.0,113992.1,87.06293706293707
13,2025-06-18,manchestercity,Manchester City,Wydad AC,2,0,https://www.fifatrainingcentre.com/media/native/tournaments/fcwc/2025/M13%20MCI%20V%20WAC%20POST%20MATCH%20REPORT%20V2.pdf,3,4,61.9,4-4-2,38.0,19.0,17.0,19.0,1.0,9.0,0.0,11.0,8.0,0.0,7.0,17.0,8.0,11.0,627.0,577.0,101.0,41.0,15.0,105954.6,92.02551834130782
13,2025-06-18,wydadac,Wydad AC,Manchester City,0,2,https://www.fifatrainingcentre.com/media/native/tournaments/fcwc/2025/M13%20MCI%20V%20WAC%20POST%20MATCH%20REPORT%20V2.pdf,3,4,31.5,3-4-3,20.0,14.0,22.0,12.0,4.0,13.0,3.0,3.0,5.0,0.0,4.0,26.0,35.0,7.0,321.0,263.0,72.0,55.0,12.0,104676.5,81.93146417445483
14,2025-06-18,realmadridcf,Real Madrid C. F.,Al Hilal,1,1,https://www.fifatrainingcentre.com/media/native/tournaments/fcwc/2025/M14%20RMA%20V%20HIL%20POST%20MATCH%20REPORT%20V2.pdf,3,4,48.5,4-2-1-3,36.0,11.0,26.0,27.0,1.0,10.0,2.0,6.0,4.0,1.0,8.0,21.0,16.0,8.0,505.0,467.0,112.0,26.0,21.0,109178.9,92.47524752475248
14,2025-06-18,alhilal,Al Hilal,Real Madrid C. F.,1,1,https://www.fifatrainingcentre.com/media/native/tournaments/fcwc/2025/M14%20RMA%20V%20HIL%20POST%20MATCH%20REPORT%20V2.pdf,3,4,43.5,4-1-2-3,37.0,13.0,17.0,17.0,6.0,12.0,2.0,2.0,2.0,1.0,4.0,28.0,33.0,7.0,477.0,405.0,91.0,32.0,13.0,110890.6,84.90566037735849
15,2025-06-18,cfpachuca,CF Pachuca,FC Salzburg,1,2,https://www.fifatrainingcentre.com/media/native/tournaments/fcwc/2025/M15%20PAC%20V%20SAL%20POST%20MATCH%20REPORT.pdf,3,4,47.5,4-2-3-1,37.0,14.0,18.0,12.0,4.0,15.0,1.0,5.0,3.0,1.0,10.0,22.0,15.0,11.0,515.0,456.0,82.0,43.0,19.0,112385.3,88.54368932038835
15,2025-06-18,fcsalzburg,FC Salzburg,CF Pachuca,2,1,https://www.fifatrainingcentre.com/media/native/tournaments/fcwc/2025/M15%20PAC%20V%20SAL%20POST%20MATCH%20REPORT.pdf,3,4,45.3,4-4-2,30.0,14.0,25.0,12.0,1.0,18.0,2.0,5.0,6.0,1.0,4.0,28.0,15.0,11.0,523.0,454.0,111.0,56.0,10.0,113455.5,86.80688336520076
16,2025-06-18,alainfc,Al Ain FC,Juventus FC,0,5,https://www.fifatrainingcentre.com/media/native/tournaments/fcwc/2025/M16%20AIN%20V%20JUV%20POST%20MATCH%20REPORT%20V3.pdf,3,4,33.4,5-3-2,26.0,17.0,20.0,15.0,5.0,13.0,4.0,6.0,4.0,1.0,5.0,20.0,31.0,8.0,376.0,323.0,84.0,48.0,10.0,113121.8,85.90425531914893
16,2025-06-18,juventusfc,Juventus FC,Al Ain FC,5,0,https://www.fifatrainingcentre.com/media/native/tournaments/fcwc/2025/M16%20AIN%20V%20JUV%20POST%20MATCH%20REPORT%20V3.pdf,3,4,59.4,3-4-3,42.0,16.0,19.0,21.0,1.0,11.0,1.0,8.0,7.0,0.0,3.0,16.0,15.0,9.0,638.0,578.0,129.0,35.0,16.0,119256.7,90.59561128526646
17,2025-06-19,palmeiras,Palmeiras,Al Ahly FC,2,0,https://www.fifatrainingcentre.com/media/native/tournaments/fcwc/2025/M17%20SEP%20V%20AHL%20POST%20MATCH%20REPORT.pdf,3,4,31.5,3-4-3,22.0,6.0,22.0,17.0,9.0,26.0,4.0,4.0,4.0,0.0,4.0,30.0,22.0,6.0,252.0,199.0,63.0,34.0,12.0,105475.3,78.96825396825396
17,2025-06-19,alahlyfc,Al Ahly FC,Palmeiras,0,2,https://www.fifatrainingcentre.com/media/native/tournaments/fcwc/2025/M17%20SEP%20V%20AHL%20POST%20MATCH%20REPORT.pdf,3,4,57.2,4-1-2-3,44.0,15.0,21.0,12.0,2.0,6.0,2.0,2.0,2.0,1.0,3.0,18.0,13.0,18.0,493.0,434.0,96.0,38.0,8.0,104704.3,88.03245436105476
18,2025-06-19,intermiamicf,Inter Miami CF,FC Porto,2,1,https://www.fifatrainingcentre.com/media/native/tournaments/fcwc/2025/M18%20MIA%20V%20POR%20POST%20MATCH%20REPORT.pdf,3,4,44.7,4-4-2,33.0,21.0,18.0,8.0,3.0,13.0,2.0,3.0,1.0,0.0,11.0,31.0,20.0,9.0,481.0,419.0,118.0,56.0,6.0,110437.7,87.11018711018711
18,2025-06-19,fcporto,FC Porto,Inter Miami CF,1,2,https://www.fifatrainingcentre.com/media/native/tournaments/fcwc/2025/M18%20MIA%20V%20POR%20POST%20MATCH%20REPORT.pdf,3,4,48.6,3-4-3,43.0,9.0,19.0,17.0,2.0,11.0,1.0,7.0,5.0,1.0,11.0,21.0,13.0,9.0,480.0,431.0,109.0,43.0,15.0,110113.0,89.79166666666667
19,2025-06-19,seattlesoundersfc,Seattle Sounders FC,Atlético De Madrid,1,3,https://www.fifatrainingcentre.com/media/native/tournaments/fcwc/2025/M19%20SEA%20V%20ATM%20POST%20MATCH%20REPORT.pdf,3,4,41.4,4-2-3-1,25.0,20.0,20.0,15.0,4.0,15.0,1.0,8.0,5.0,0.0,5.0,20.0,20.0,8.0,420.0,349.0,84.0,65.0,16.0,115983.5,83.0952380952381
19,2025-06-19,atleticodemadrid,Atlético De Madrid,Seattle Sounders FC,3,1,https://www.fifatrainingcentre.com/media/native/tournaments/fcwc/2025/M19%20SEA%20V%20ATM%20POST%20MATCH%20REPORT.pdf,3,4,51.1,4-4-2,26.0,19.0,22.0,20.0,3.0,11.0,2.0,8.0,7.0,0.0,5.0,20.0,21.0,12.0,557.0,488.0,122.0,58.0,15.0,114881.8,87.61220825852783
20,2025-06-19,parissaintgermain,Paris Saint-Germain,Botafogo,0,1,https://www.fifatrainingcentre.com/media/native/tournaments/fcwc/2025/M20%20PSG%20V%20BOT%20POST%20MATCH%20REPORT%20V2.pdf,3,4,68.0,4-1-2-3,39.0,20.0,22.0,25.0,0.0,8.0,0.0,9.0,8.0,0.0,5.0,9.0,2.0,15.0,766.0,706.0,164.0,43.0,15.0,115498.1,92.16710182767623
20,2025-06-19,botafogo,Botafogo,Paris Saint-Germain,1,0,https://www.fifatrainingcentre.com/media/native/tournaments/fcwc/2025/M20%20PSG%20V%20BOT%20POST%20MATCH%20REPORT%20V2.pdf,3,4,24.1,4-1-2-3,15.0,12.0,18.0,8.0,9.0,23.0,5.0,2.0,4.0,1.0,1.0,29.0,39.0,6.0,278.0,215.0,74.0,70.0,4.0,119565.9,77.33812949640287
21,2025-06-20,slbenfica,SL Benfica,Auckland City FC,6,0,https://www.fifatrainingcentre.com/media/native/tournaments/fcwc/2025/M21%20SLB%20V%20AKL%20POST%20MATCH%20REPORT.pdf,3,4,57.5,4-2-3-1,40.0,13.0,23.0,45.0,0.0,10.0,2.0,7.0,4.0,0.0,7.0,9.0,8.0,16.0,559.0,491.0,116.0,44.0,32.0,115718.3,87.83542039355993
21,2025-06-20,aucklandcityfc,Auckland City FC,SL Benfica,0,6,https://www.fifatrainingcentre.com/media/native/tournaments/fcwc/2025/M21%20SLB%20V%20AKL%20POST%20MATCH%20REPORT.pdf,3,4,32.4,5-4-1,20.0,13.0,12.0,7.0,12.0,23.0,1.0,1.0,0.0,1.0,1.0,10.0,57.0,8.0,335.0,248.0,58.0,35.0,4.0,119841.0,74.02985074626865
22,2025-06-20,crflamengo,CR Flamengo,Chelsea FC,3,1,https://www.fifatrainingcentre.com/media/native/tournaments/fcwc/2025/M22%20FLA%20V%20CHE%20PSOT%20MATCH%20REPORT.pdf,3,4,44.0,4-2-3-1,29.0,16.0,21.0,15.0,2.0,13.0,2.0,7.0,6.0,1.0,10.0,21.0,17.0,7.0,453.0,399.0,90.0,50.0,14.0,106213.4,88.0794701986755
22,2025-06-20,chelseafc,Chelsea FC,CR Flamengo,1,3,https://www.fifatrainingcentre.com/media/native/tournaments/fcwc/2025/M22%20FLA%20V%20CHE%20PSOT%20MATCH%20REPORT.pdf,3,4,49.7,4-3-1-2,37.0,18.0,19.0,15.0,2.0,10.0,2.0,7.0,5.0,0.0,5.0,22.0,11.0,11.0,448.0,396.0,88.0,40.0,11.0,99733.1,88.39285714285714
23,2025-06-20,lafc,LAFC,Espérance De Tunisie,0,1,https://www.fifatrainingcentre.com/media/native/tournaments/fcwc/2025/M23%20LAF%20V%20EST%20POST%20MATCH%20REPORT.pdf,3,4,54.4,4-1-2-3,42.0,17.0,16.0,13.0,2.0,9.0,0.0,6.0,4.0,1.0,9.0,15.0,22.0,9.0,588.0,534.0,104.0,41.0,10.0,109428.8,90.81632653061224
23,2025-06-20,esperancedetunisie,Espérance De Tunisie,LAFC,1,0,https://www.fifatrainingcentre.com/media/native/tournaments/fcwc/2025/M23%20LAF%20V%20EST%20POST%20MATCH%20REPORT.pdf,3,4,38.5,4-2-3-1,32.0,12.0,16.0,16.0,5.0,14.0,3.0,2.0,5.0,1.0,4.0,25.0,29.0,6.0,410.0,337.0,80.0,57.0,10.0,109843.7,82.1951219512195
24,2025-06-20,fcbayernmunchen,FC Bayern München,CA Boca Juniors,2,1,https://www.fifatrainingcentre.com/media/native/tournaments/fcwc/2025/M24%20BAY%20V%20BOC%20POST%20MATCH%20REPORT.pdf,3,4,64.3,4-2-3-1,38.0,19.0,21.0,23.0,1.0,10.0,0.0,5.0,4.0,0.0,7.0,15.0,12.0,13.0,666.0,617.0,133.0,34.0,11.0,115822.3,92.64264264264264
24,2025-06-20,cabocajuniors,CA Boca Juniors,FC Bayern München,1,2,https://www.fifatrainingcentre.com/media/native/tournaments/fcwc/2025/M24%20BAY%20V%20BOC%20POST%20MATCH%20REPORT.pdf,3,4,26.0,4-2-3-1,26.0,9.0,16.0,8.0,10.0,21.0,4.0,3.0,4.0,0.0,1.0,25.0,38.0,7.0,251.0,182.0,43.0,68.0,6.0,106930.0,72.50996015936255
25,2025-06-21,mamelodisundownsfc,Mamelodi Sundowns FC,Borussia Dortmund,3,4,https://www.fifatrainingcentre.com/media/native/tournaments/fcwc/2025/M25%20MSU%20V%20BVB%20POST%20MATCH%20REPORT.pdf,3,4,55.0,4-2-3-1,41.0,21.0,13.0,8.0,2.0,11.0,2.0,8.0,5.0,1.0,3.0,30.0,9.0,14.0,607.0,528.0,84.0,41.0,14.0,104585.2,86.9851729818781
25,2025-06-21,borussiadortmund,Borussia Dortmund,Mamelodi Sundowns FC,4,3,https://www.fifatrainingcentre.com/media/native/tournaments/fcwc/2025/M25%20MSU%20V%20BVB%20POST%20MATCH%20REPORT.pdf,3,4,35.8,3-4-3,21.0,13.0,21.0,13.0,4.0,19.0,1.0,10.0,7.0,0.0,10.0,28.0,10.0,9.0,395.0,321.0,84.0,48.0,8.0,110178.4,81.26582278481013
26,2025-06-21,fcinternazionalemilano,FC Internazionale Milano,Urawa Red Diamonds,2,1,https://www.fifatrainingcentre.com/media/native/tournaments/fcwc/2025/M26%20INT%20v%20URD%20POST%20MATCH%20REPORT.pdf,3,4,73.3,3-4-3,45.0,21.0,19.0,31.0,1.0,9.0,0.0,7.0,5.0,0.0,2.0,6.0,3.0,15.0,843.0,777.0,161.0,27.0,23.0,119658.5,92.17081850533808
26,2025-06-21,urawareddiamonds,Urawa Red Diamonds,FC Internazionale Milano,1,2,https://www.fifatrainingcentre.com/media/native/tournaments/fcwc/2025/M26%20INT%20v%20URD%20POST%20MATCH%20REPORT.pdf,3,4,18.8,4-2-3-1,13.0,9.0,12.0,8.0,15.0,25.0,5.0,4.0,2.0,0.0,1.0,19.0,53.0,7.0,206.0,126.0,40.0,61.0,5.0,121233.7,61.16504854368932
27,2025-06-21,fluminensefc,Fluminense FC,Ulsan HD,4,2,https://www.fifatrainingcentre.com/media/native/tournaments/fcwc/2025/M27%20FLU%20V%20UHD%20POST%20MATCH%20REPORT.pdf,3,4,62.4,4-2-3-1,41.0,14.0,19.0,26.0,1.0,10.0,1.0,5.0,5.0,0.0,6.0,11.0,17.0,11.0,667.0,613.0,126.0,31.0,26.0,105996.8,91.904047976012
27,2025-06-21,ulsanhd,Ulsan HD,Fluminense FC,2,4,https://www.fifatrainingcentre.com/media/native/tournaments/fcwc/2025/M27%20FLU%20V%20UHD%20POST%20MATCH%20REPORT.pdf,3,4,28.2,5-3-2,21.0,11.0,19.0,15.0,4.0,18.0,2.0,1.0,3.0,1.0,1.0,19.0,49.0,7.0,296.0,238.0,68.0,42.0,9.0,115013.6,80.4054054054054
28,2025-06-21,cariverplate,CA River Plate,CF Monterrey,0,0,https://www.fifatrainingcentre.com/media/native/tournaments/fcwc/2025/M28%20RIV%20V%20CFM%20POST%20MATCH%20REPORT.pdf,3,4,34.8,4-1-2-3,18.0,11.0,16.0,13.0,3.0,23.0,3.0,8.0,4.0,1.0,6.0,31.0,5.0,11.0,266.0,222.0,63.0,47.0,19.0,103746.3,83.45864661654136
28,2025-06-21,cfmonterrey,CF Monterrey,CA River Plate,0,0,https://www.fifatrainingcentre.com/media/native/tournaments/fcwc/2025/M28%20RIV%20V%20CFM%20POST%20MATCH%20REPORT.pdf,3,4,52.9,4-1-2-3,38.0,17.0,15.0,3.0,2.0,16.0,2.0,4.0,7.0,0.0,2.0,9.0,19.0,15.0,447.0,378.0,72.0,49.0,3.0,102601.2,84.56375838926175
29,2025-06-22,juventusfc,Juventus FC,Wydad AC,4,1,https://www.fifatrainingcentre.com/media/native/tournaments/fcwc/2025/M29%20JUV%20V%20WAC%20POST%20MATCH%20REPORT.pdf,3,4,59.5,3-4-3,42.0,14.0,17.0,15.0,2.0,11.0,1.0,8.0,4.0,0.0,3.0,13.0,11.0,18.0,495.0,432.0,87.0,45.0,8.0,111958.2,87.27272727272727
29,2025-06-22,wydadac,Wydad AC,Juventus FC,1,4,https://www.fifatrainingcentre.com/media/native/tournaments/fcwc/2025/M29%20JUV%20V%20WAC%20POST%20MATCH%20REPORT.pdf,3,4,32.1,3-4-3,20.0,12.0,23.0,16.0,3.0,25.0,4.0,7.0,3.0,1.0,5.0,18.0,27.0,10.0,299.0,233.0,62.0,50.0,14.0,106530.8,77.92642140468227
30,2025-06-22,realmadridcf,Real Madrid C. F.,CF Pachuca,3,1,https://www.fifatrainingcentre.com/media/native/tournaments/fcwc/2025/M30%20RMA%20V%20PAC%20POST%20MATCH%20REPORT.pdf,3,4,51.8,4-1-2-3,32.0,17.0,20.0,12.0,3.0,10.0,1.0,1.0,1.0,0.0,2.0,24.0,37.0,7.0,608.0,552.0,137.0,27.0,8.0,102709.2,90.78947368421052
30,2025-06-22,cfpachuca,CF Pachuca,Real Madrid C. F.,1,3,https://www.fifatrainingcentre.com/media/native/tournaments/fcwc/2025/M30%20RMA%20V%20PAC%20POST%20MATCH%20REPORT.pdf,3,4,41.9,4-2-3-1,42.0,12.0,16.0,25.0,1.0,10.0,1.0,7.0,7.0,0.0,11.0,23.0,11.0,6.0,444.0,398.0,74.0,53.0,24.0,112116.7,89.63963963963964
31,2025-06-22,fcsalzburg,FC Salzburg,Al Hilal,0,0,https://www.fifatrainingcentre.com/media/native/tournaments/fcwc/2025/M31%20SAL%20V%20HIL%20POST%20MATCH%20REPORT.pdf,3,4,40.5,4-4-2,38.0,11.0,18.0,13.0,2.0,12.0,1.0,3.0,3.0,1.0,4.0,23.0,31.0,11.0,420.0,356.0,88.0,64.0,15.0,110279.7,84.76190476190476
31,2025-06-22,alhilal,Al Hilal,FC Salzburg,0,0,https://www.fifatrainingcentre.com/media/native/tournaments/fcwc/2025/M31%20SAL%20V%20HIL%20POST%20MATCH%20REPORT.pdf,3,4,50.3,4-1-2-3,34.0,15.0,20.0,24.0,1.0,17.0,2.0,5.0,2.0,1.0,5.0,23.0,20.0,9.0,540.0,465.0,108.0,32.0,18.0,106459.3,86.11111111111111
32,2025-06-22,manchestercity,Manchester City,Al Ain FC,6,0,https://www.fifatrainingcentre.com/media/native/tournaments/fcwc/2025/M32%20MCI%20V%20AIN%20POST%20MATCH%20REPORT.pdf,3,4,70.1,3-4-3,42.0,20.0,19.0,28.0,0.0,6.0,0.0,15.0,5.0,0.0,7.0,10.0,4.0,17.0,784.0,739.0,141.0,28.0,22.0,117811.7,94.26020408163265
32,2025-06-22,alainfc,Al Ain FC,Manchester City,0,6,https://www.fifatrainingcentre.com/media/native/tournaments/fcwc/2025/M32%20MCI%20V%20AIN%20POST%20MATCH%20REPORT.pdf,3,4,24.4,5-4-1,12.0,17.0,16.0,6.0,7.0,23.0,5.0,1.0,4.0,1.0,2.0,22.0,51.0,6.0,300.0,235.0,55.0,65.0,5.0,110960.6,78.33333333333333
33,2025-06-23,seattlesoundersfc,Seattle Sounders FC,Paris Saint-Germain,0,2,https://www.fifatrainingcentre.com/media/native/tournaments/fcwc/2025/M33%20SEA%20V%20PSG%20POST%20MATCH%20REPORT.pdf,3,4,27.0,4-2-3-1,16.0,15.0,21.0,12.0,5.0,25.0,2.0,5.0,3.0,1.0,3.0,20.0,39.0,6.0,332.0,256.0,81.0,50.0,7.0,122192.2,77.10843373493977
33,2025-06-23,parissaintgermain,Paris Saint-Germain,Seattle Sounders FC,2,0,https://www.fifatrainingcentre.com/media/native/tournaments/fcwc/2025/M33%20SEA%20V%20PSG%20POST%20MATCH%20REPORT.pdf,3,4,66.1,4-1-2-3,35.0,17.0,24.0,28.0,1.0,8.0,1.0,11.0,7.0,0.0,9.0,10.0,7.0,18.0,823.0,765.0,191.0,46.0,14.0,116711.3,92.95261239368165
34,2025-06-23,atleticodemadrid,Atlético De Madrid,Botafogo,1,0,https://www.fifatrainingcentre.com/media/native/tournaments/fcwc/2025/M34%20ATM%20v%20BOT%20POST%20MATCH%20REPORT.pdf,3,4,55.0,4-4-2,31.0,18.0,28.0,28.0,0.0,9.0,1.0,8.0,5.0,1.0,7.0,10.0,9.0,12.0,583.0,528.0,134.0,40.0,22.0,119852.3,90.56603773584905
34,2025-06-23,botafogo,Botafogo,Atlético De Madrid,0,1,https://www.fifatrainingcentre.com/media/native/tournaments/fcwc/2025/M34%20ATM%20v%20BOT%20POST%20MATCH%20REPORT.pdf,3,4,35.9,4-1-2-3,19.0,12.0,17.0,11.0,7.0,20.0,3.0,1.0,3.0,1.0,1.0,22.0,37.0,7.0,408.0,328.0,106.0,55.0,7.0,117947.8,80.3921568627451
35,2025-06-23,intermiamicf,Inter Miami CF,Palmeiras,2,2,https://www.fifatrainingcentre.com/media/native/tournaments/fcwc/2025/M35%20MIA%20V%20SEP%20POST%20MATCH%20REPORT.pdf,3,4,44.6,4-4-2,36.0,13.0,13.0,7.0,4.0,12.0,1.0,1.0,1.0,1.0,2.0,19.0,38.0,9.0,546.0,473.0,108.0,55.0,8.0,107614.8,86.63003663003663
35,2025-06-23,palmeiras,Palmeiras,Inter Miami CF,2,2,https://www.fifatrainingcentre.com/media/native/tournaments/fcwc/2025/M35%20MIA%20V%20SEP%20POST%20MATCH%20REPORT.pdf,3,4,47.9,4-2-3-1,39.0,12.0,21.0,31.0,1.0,12.0,2.0,6.0,6.0,0.0,4.0,22.0,17.0,9.0,441.0,395.0,99.0,51.0,21.0,108009.9,89.56916099773242
36,2025-06-23,fcporto,FC Porto,Al Ahly FC,4,4,https://www.fifatrainingcentre.com/media/native/tournaments/fcwc/2025/M36%20POR%20V%20AHL%20POST%20MATCH%20REPORT.pdf,3,4,51.5,3-4-3,42.0,12.0,20.0,15.0,1.0,8.0,1.0,7.0,6.0,1.0,4.0,10.0,16.0,13.0,469.0,407.0,102.0,47.0,17.0,112127.8,86.78038379530916
36,2025-06-23,alahlyfc,Al Ahly FC,FC Porto,4,4,https://www.fifatrainingcentre.com/media/native/tournaments/fcwc/2025/M36%20POR%20V%20AHL%20POST%20MATCH%20REPORT.pdf,3,4,40.6,4-2-1-3,19.0,11.0,22.0,22.0,4.0,19.0,6.0,2.0,4.0,1.0,5.0,31.0,19.0,7.0,365.0,313.0,94.0,41.0,23.0,112314.6,85.75342465753425
37,2025-06-24,aucklandcityfc,Auckland City FC,CA Boca Juniors,1,1,https://www.fifatrainingcentre.com/media/native/tournaments/fcwc/2025/M37%20AKL%20V%20BOC%20POST%20MATCH%20REPORT.pdf,3,4,24.6,5-4-1,20.0,9.0,12.0,6.0,11.0,20.0,1.0,0.0,0.0,0.0,1.0,7.0,73.0,5.0,251.0,177.0,50.0,29.0,3.0,114719.7,70.5179282868526
37,2025-06-24,cabocajuniors,CA Boca Juniors,Auckland City FC,1,1,https://www.fifatrainingcentre.com/media/native/tournaments/fcwc/2025/M37%20AKL%20V%20BOC%20POST%20MATCH%20REPORT.pdf,3,4,65.0,4-2-1-3,47.0,16.0,21.0,57.0,0.0,6.0,1.0,4.0,5.0,1.0,7.0,13.0,7.0,13.0,633.0,580.0,107.0,27.0,39.0,105149.2,91.62717219589257
38,2025-06-24,slbenfica,SL Benfica,FC Bayern München,1,0,https://www.fifatrainingcentre.com/media/native/tournaments/fcwc/2025/M38%20SLB%20V%20BAY%20POST%20MATCH%20REPORT%20.pdf,3,4,27.0,4-2-3-1,15.0,15.0,14.0,10.0,8.0,20.0,3.0,2.0,2.0,0.0,2.0,18.0,51.0,7.0,274.0,211.0,60.0,43.0,7.0,104687.3,77.00729927007299
38,2025-06-24,fcbayernmunchen,FC Bayern München,SL Benfica,0,1,https://www.fifatrainingcentre.com/media/native/tournaments/fcwc/2025/M38%20SLB%20V%20BAY%20POST%20MATCH%20REPORT%20.pdf,3,4,65.9,4-2-3-1,42.0,20.0,20.0,27.0,0.0,9.0,0.0,11.0,8.0,1.0,7.0,6.0,6.0,14.0,705.0,641.0,129.0,37.0,14.0,111885.9,90.92198581560284
39,2025-06-24,lafc,LAFC,CR Flamengo,1,1,https://www.fifatrainingcentre.com/media/native/tournaments/fcwc/2025/M39%20LAF%20V%20FLA%20POST%20MATCH%20REPORT.pdf,3,4,32.0,3-4-3,26.0,18.0,17.0,9.0,7.0,12.0,2.0,2.0,3.0,1.0,2.0,21.0,47.0,5.0,362.0,308.0,65.0,47.0,5.0,105377.40000000001,85.0828729281768
39,2025-06-24,crflamengo,CR Flamengo,LAFC,1,1,https://www.fifatrainingcentre.com/media/native/tournaments/fcwc/2025/M39%20LAF%20V%20FLA%20POST%20MATCH%20REPORT.pdf,3,4,61.5,4-2-3-1,44.0,22.0,18.0,20.0,1.0,5.0,1.0,11.0,6.0,0.0,6.0,17.0,10.0,8.0,664.0,610.0,111.0,34.0,19.0,105741.5,91.86746987951807
40,2025-06-24,esperancedetunisie,Espérance De Tunisie,Chelsea FC,0,3,https://www.fifatrainingcentre.com/media/native/tournaments/fcwc/2025/M40%20EST%20V%20CHE%20POST%20MATCH%20REPORT.pdf,3,4,28.1,4-2-3-1,23.0,13.0,15.0,11.0,8.0,16.0,3.0,2.0,6.0,1.0,2.0,34.0,28.0,6.0,255.0,200.0,51.0,58.0,2.0,103738.0,78.43137254901961
40,2025-06-24,chelseafc,Chelsea FC,Espérance De Tunisie,3,0,https://www.fifatrainingcentre.com/media/native/tournaments/fcwc/2025/M40%20EST%20V%20CHE%20POST%20MATCH%20REPORT.pdf,3,4,67.1,4-1-2-3,44.0,22.0,19.0,13.0,0.0,7.0,1.0,9.0,8.0,1.0,5.0,12.0,8.0,11.0,715.0,662.0,119.0,26.0,16.0,102354.9,92.58741258741259
41,2025-06-25,borussiadortmund,Borussia Dortmund,Ulsan HD,1,0,https://www.fifatrainingcentre.com/media/native/tournaments/fcwc/2025/M41%20BVB%20V%20UHD%20POST%20MATCH%20REPORT.pdf,3,4,54.7,3-4-3,43.0,15.0,16.0,25.0,1.0,10.0,2.0,11.0,5.0,0.0,15.0,12.0,12.0,12.0,533.0,484.0,109.0,33.0,27.0,107396.0,90.80675422138837
41,2025-06-25,ulsanhd,Ulsan HD,Borussia Dortmund,0,1,https://www.fifatrainingcentre.com/media/native/tournaments/fcwc/2025/M41%20BVB%20V%20UHD%20POST%20MATCH%20REPORT.pdf,3,4,37.9,4-1-2-3,28.0,15.0,16.0,10.0,5.0,15.0,2.0,4.0,3.0,0.0,4.0,16.0,43.0,8.0,380.0,303.0,75.0,45.0,3.0,106221.0,79.73684210526316
42,2025-06-25,mamelodisundownsfc,Mamelodi Sundowns FC,Fluminense FC,0,0,https://www.fifatrainingcentre.com/media/native/tournaments/fcwc/2025/M42%20MSU%20V%20FLU%20POST%20MATCH%20REPORT.pdf,3,4,60.7,4-2-3-1,45.0,19.0,15.0,9.0,2.0,8.0,1.0,7.0,5.0,1.0,8.0,16.0,10.0,17.0,569.0,510.0,84.0,54.0,7.0,97053.6,89.63093145869948
42,2025-06-25,fluminensefc,Fluminense FC,Mamelodi Sundowns FC,0,0,https://www.fifatrainingcentre.com/media/native/tournaments/fcwc/2025/M42%20MSU%20V%20FLU%20POST%20MATCH%20REPORT.pdf,3,4,31.9,4-1-2-3,18.0,14.0,21.0,10.0,4.0,23.0,1.0,5.0,8.0,0.0,11.0,32.0,17.0,7.0,281.0,224.0,61.0,50.0,6.0,97609.6,79.7153024911032
43,2025-06-25,fcinternazionalemilano,FC Internazionale Milano,CA River Plate,2,0,https://www.fifatrainingcentre.com/media/native/tournaments/fcwc/2025/M43%20INT%20V%20RIV%20POST%20MATCH%20REPORT.pdf,3,4,49.5,3-5-2,19.0,10.0,22.0,18.0,4.0,17.0,1.0,5.0,7.0,1.0,1.0,19.0,12.0,10.0,429.0,357.0,94.0,52.0,16.0,110385.8,83.21678321678321
43,2025-06-25,cariverplate,CA River Plate,FC Internazionale Milano,0,2,https://www.fifatrainingcentre.com/media/native/tournaments/fcwc/2025/M43%20INT%20V%20RIV%20POST%20MATCH%20REPORT.pdf,3,4,41.0,4-1-2-3,28.0,11.0,20.0,12.0,7.0,16.0,3.0,11.0,4.0,1.0,5.0,6.0,15.0,11.0,323.0,258.0,77.0,62.0,10.0,105614.5,79.87616099071208
44,2025-06-25,urawareddiamonds,Urawa Red Diamonds,CF Monterrey,0,4,https://www.fifatrainingcentre.com/media/native/tournaments/fcwc/2025/M44%20URD%20V%20CFM%20POST%20MATCH%20REPORT.pdf,3,4,38.6,4-2-3-1,23.0,14.0,21.0,17.0,4.0,17.0,2.0,8.0,4.0,0.0,6.0,28.0,13.0,10.0,391.0,336.0,96.0,46.0,12.0,120032.1,85.93350383631713
44,2025-06-25,cfmonterrey,CF Monterrey,Urawa Red Diamonds,4,0,https://www.fifatrainingcentre.com/media/native/tournaments/fcwc/2025/M44%20URD%20V%20CFM%20POST%20MATCH%20REPORT.pdf,3,4,53.8,4-1-2-1-2,40.0,17.0,13.0,11.0,2.0,13.0,3.0,11.0,5.0,0.0,9.0,12.0,15.0,13.0,601.0,544.0,118.0,41.0,17.0,117187.5,90.51580698835275
45,2025-06-26,juventusfc,Juventus FC,Manchester City,2,5,https://www.fifatrainingcentre.com/media/native/tournaments/fcwc/2025/M45%20JUV%20V%20MCI%20POST%20MATCH%20REPORT.pdf,3,4,22.6,3-4-3,20.0,18.0,17.0,6.0,5.0,20.0,2.0,3.0,5.0,1.0,3.0,23.0,37.0,6.0,269.0,215.0,47.0,64.0,5.0,106727.8,79.92565055762081
45,2025-06-26,manchestercity,Manchester City,Juventus FC,5,2,https://www.fifatrainingcentre.com/media/native/tournaments/fcwc/2025/M45%20JUV%20V%20MCI%20POST%20MATCH%20REPORT.pdf,3,4,70.5,4-1-2-3,46.0,21.0,14.0,28.0,1.0,7.0,1.0,19.0,5.0,0.0,6.0,11.0,4.0,16.0,781.0,736.0,110.0,38.0,24.0,109739.2,94.2381562099872
46,2025-06-26,wydadac,Wydad AC,Al Ain FC,1,2,https://www.fifatrainingcentre.com/media/native/tournaments/fcwc/2025/M46%20WAC%20V%20AIN%20POST%20MATCH%20REPORT.pdf,3,4,47.8,4-2-3-1,36.0,14.0,22.0,16.0,2.0,11.0,1.0,3.0,5.0,1.0,3.0,13.0,21.0,12.0,370.0,330.0,87.0,38.0,9.0,103917.8,89.1891891891892
46,2025-06-26,alainfc,Al Ain FC,Wydad AC,2,1,https://www.fifatrainingcentre.com/media/native/tournaments/fcwc/2025/M46%20WAC%20V%20AIN%20POST%20MATCH%20REPORT.pdf,3,4,43.4,5-3-2,23.0,15.0,22.0,21.0,5.0,17.0,2.0,4.0,5.0,0.0,9.0,20.0,16.0,8.0,368.0,304.0,88.0,47.0,18.0,106000.2,82.6086956521739
47,2025-06-26,alhilal,Al Hilal,CF Pachuca,2,0,https://www.fifatrainingcentre.com/media/native/tournaments/fcwc/2025/M47%20HIL%20V%20PAC%20POST%20MATCH%20REPORT.pdf,3,4,42.0,4-1-2-3,24.0,15.0,21.0,13.0,4.0,19.0,4.0,6.0,4.0,0.0,5.0,22.0,26.0,9.0,450.0,385.0,110.0,46.0,8.0,110107.2,85.55555555555556
47,2025-06-26,cfpachuca,CF Pachuca,Al Hilal,0,2,https://www.fifatrainingcentre.com/media/native/tournaments/fcwc/2025/M47%20HIL%20V%20PAC%20POST%20MATCH%20REPORT.pdf,3,4,50.0,3-4-3,38.0,15.0,18.0,12.0,3.0,13.0,1.0,8.0,5.0,0.0,4.0,12.0,18.0,14.0,488.0,417.0,77.0,52.0,12.0,112801.2,85.45081967213115
48,2025-06-26,fcsalzburg,FC Salzburg,Real Madrid C. F.,0,3,https://www.fifatrainingcentre.com/media/native/tournaments/fcwc/2025/M48%20SAL%20V%20RMA%20POST%20MATCH%20REPORT.pdf,3,4,44.5,4-4-2,33.0,16.0,19.0,23.0,1.0,14.0,1.0,5.0,5.0,0.0,7.0,28.0,19.0,9.0,541.0,473.0,124.0,57.0,12.0,120194.2,87.43068391866913
48,2025-06-26,realmadridcf,Real Madrid C. F.,FC Salzburg,3,0,https://www.fifatrainingcentre.com/media/native/tournaments/fcwc/2025/M48%20SAL%20V%20RMA%20POST%20MATCH%20REPORT.pdf,3,4,49.1,3-4-3,36.0,20.0,16.0,13.0,2.0,14.0,2.0,5.0,3.0,1.0,7.0,18.0,30.0,9.0,672.0,604.0,124.0,39.0,13.0,118030.9,89.88095238095238
49,2025-06-28,palmeiras,Palmeiras,Botafogo,1,0,https://www.fifatrainingcentre.com/media/native/tournaments/fcwc/2025/M49%20PAL%20V%20BOT%20POST%20MATCH%20REPORT.pdf,3,4,43.3,4-2-3-1,33.0,13.0,14.0,19.0,6.0,13.0,2.0,4.0,3.0,1.0,3.0,17.0,35.0,8.0,492.0,409.0,93.0,60.0,19.0,140426.6,83.130081300813
49,2025-06-28,botafogo,Botafogo,Palmeiras,0,1,https://www.fifatrainingcentre.com/media/native/tournaments/fcwc/2025/M49%20PAL%20V%20BOT%20POST%20MATCH%20REPORT.pdf,3,4,47.1,4-1-2-3,43.0,14.0,18.0,13.0,2.0,14.0,1.0,3.0,4.0,1.0,2.0,28.0,18.0,9.0,570.0,499.0,98.0,43.0,17.0,142733.6,87.54385964912281
50,2025-06-28,slbenfica,SL Benfica,Chelsea FC,1,4,https://www.fifatrainingcentre.com/media/native/tournaments/fcwc/2025/M50%20SLB%20V%20CHE%20POST%20MATCH%20REPORT.pdf,3,4,37.7,4-2-3-1,33.0,17.0,23.0,10.0,3.0,11.0,2.0,3.0,3.0,0.0,3.0,26.0,33.0,5.0,479.0,407.0,109.0,44.0,9.0,138170.1,84.9686847599165
50,2025-06-28,chelseafc,Chelsea FC,SL Benfica,4,1,https://www.fifatrainingcentre.com/media/native/tournaments/fcwc/2025/M50%20SLB%20V%20CHE%20POST%20MATCH%20REPORT.pdf,3,4,57.6,3-4-3,39.0,14.0,21.0,27.0,1.0,6.0,1.0,8.0,4.0,1.0,11.0,22.0,9.0,7.0,825.0,755.0,150.0,65.0,22.0,139012.9,91.51515151515152
51,2025-06-29,parissaintgermain,Paris Saint-Germain,Inter Miami CF,4,0,https://www.fifatrainingcentre.com/media/native/tournaments/fcwc/2025/M51%20PSG%20V%20MIA%20POST%20MATCH%20REPORT.pdf,3,4,63.3,4-1-2-3,42.0,19.0,17.0,21.0,0.0,6.0,1.0,10.0,6.0,1.0,7.0,9.0,9.0,11.0,767.0,711.0,152.0,47.0,19.0,109033.4,92.69882659713168
51,2025-06-29,intermiamicf,Inter Miami CF,Paris Saint-Germain,0,4,https://www.fifatrainingcentre.com/media/native/tournaments/fcwc/2025/M51%20PSG%20V%20MIA%20POST%20MATCH%20REPORT.pdf,3,4,32.3,4-4-2,17.0,15.0,19.0,10.0,5.0,17.0,2.0,4.0,2.0,1.0,3.0,26.0,37.0,5.0,385.0,323.0,97.0,35.0,8.0,106978.2,83.8961038961039
52,2025-06-29,crflamengo,CR Flamengo,FC Bayern München,2,4,https://www.fifatrainingcentre.com/media/native/tournaments/fcwc/2025/M52%20FLA%20V%20BAY%20POST%20MATCH%20REPORT.pdf,3,4,46.8,4-2-3-1,34.0,17.0,20.0,11.0,3.0,11.0,2.0,9.0,7.0,1.0,5.0,15.0,19.0,10.0,497.0,433.0,85.0,50.0,12.0,112303.4,87.12273641851107
52,2025-06-29,fcbayernmunchen,FC Bayern München,CR Flamengo,4,2,https://www.fifatrainingcentre.com/media/native/tournaments/fcwc/2025/M52%20FLA%20V%20BAY%20POST%20MATCH%20REPORT.pdf,3,4,45.5,4-2-3-1,24.0,17.0,22.0,23.0,3.0,12.0,2.0,11.0,5.0,1.0,9.0,14.0,15.0,10.0,461.0,399.0,103.0,46.0,9.0,116909.3,86.55097613882863
53,2025-06-30,fcinternazionalemilano,FC Internazionale Milano,Fluminense FC,0,2,https://www.fifatrainingcentre.com/media/native/practice/M53%20INT%20V%20FLU%20POST%20MATCH%20REPORT.pdf,3,4,60.0,3-5-2,44.0,14.0,22.0,23.0,1.0,9.0,1.0,4.0,6.0,1.0,3.0,12.0,9.0,15.0,518.0,456.0,114.0,33.0,16.0,107905.9,88.03088803088804
53,2025-06-30,fluminensefc,Fluminense FC,FC Internazionale Milano,2,0,https://www.fifatrainingcentre.com/media/native/practice/M53%20INT%20V%20FLU%20POST%20MATCH%20REPORT.pdf,3,4,30.5,5-3-2,21.0,13.0,14.0,11.0,8.0,19.0,3.0,2.0,3.0,0.0,4.0,17.0,43.0,8.0,259.0,187.0,60.0,45.0,11.0,102570.5,72.2007722007722
54,2025-06-30,manchestercity,Manchester City,Al Hilal,3,4,https://www.fifatrainingcentre.com/media/native/practice/M54%20MCI%20V%20HIL%20POST%20MATCH%20REPORT.pdf,3,4,63.1,4-1-2-3,41.0,20.0,19.0,44.0,0.0,8.0,1.0,11.0,4.0,0.0,10.0,8.0,5.0,12.0,856.0,796.0,179.0,37.0,32.0,153482.4,92.99065420560747
54,2025-06-30,alhilal,Al Hilal,Manchester City,4,3,https://www.fifatrainingcentre.com/media/native/practice/M54%20MCI%20V%20HIL%20POST%20MATCH%20REPORT.pdf,3,4,28.4,3-5-2,24.0,14.0,19.0,10.0,6.0,18.0,5.0,1.0,1.0,1.0,2.0,14.0,57.0,6.0,386.0,330.0,109.0,60.0,17.0,150231.9,85.49222797927462
55,2025-07-01,realmadridcf,Real Madrid C. F.,Juventus FC,1,0,https://www.fifatrainingcentre.com/media/native/practice/M55%20RMA%20V%20JUV%20POST%20MATCH%20REPORT.pdf,3,4,49.4,3-4-3,45.0,17.0,14.0,28.0,2.0,10.0,3.0,8.0,5.0,1.0,8.0,23.0,21.0,11.0,631.0,585.0,103.0,44.0,21.0,109842.2,92.70998415213946
55,2025-07-01,juventusfc,Juventus FC,Real Madrid C. F.,0,1,https://www.fifatrainingcentre.com/media/native/practice/M55%20RMA%20V%20JUV%20POST%20MATCH%20REPORT.pdf,3,4,43.9,3-4-3,40.0,17.0,14.0,13.0,4.0,16.0,1.0,1.0,1.0,0.0,1.0,16.0,49.0,7.0,485.0,439.0,103.0,27.0,6.0,111762.59999999999,90.51546391752578
56,2025-07-01,borussiadortmund,Borussia Dortmund,CF Monterrey,2,1,https://www.fifatrainingcentre.com/media/native/practice/M56%20BVB%20V%20CFM%20POST%20MATCH%20REPORT.pdf,3,4,36.8,3-4-3,28.0,15.0,21.0,24.0,4.0,14.0,1.0,8.0,6.0,0.0,5.0,32.0,20.0,7.0,450.0,385.0,107.0,53.0,6.0,119444.5,85.55555555555556
56,2025-07-01,cfmonterrey,CF Monterrey,Borussia Dortmund,1,2,https://www.fifatrainingcentre.com/media/native/practice/M56%20BVB%20V%20CFM%20POST%20MATCH%20REPORT.pdf,3,4,55.8,3-5-2,38.0,20.0,20.0,14.0,2.0,9.0,1.0,3.0,4.0,1.0,5.0,12.0,29.0,10.0,637.0,568.0,124.0,29.0,13.0,114666.9,89.1679748822606
57,2025-07-04,fluminensefc,Fluminense FC,Al Hilal,2,1,https://www.fifatrainingcentre.com/media/native/practice/M57%20FLU%20V%20HIL%20POST%20MATCH%20REPORT.pdf,3,4,38.3,3-5-2,37.0,13.0,11.0,11.0,5.0,14.0,1.0,2.0,4.0,1.0,6.0,21.0,34.0,8.0,354.0,305.0,61.0,43.0,9.0,99266.8,86.15819209039547
57,2025-07-04,alhilal,Al Hilal,Fluminense FC,1,2,https://www.fifatrainingcentre.com/media/native/practice/M57%20FLU%20V%20HIL%20POST%20MATCH%20REPORT.pdf,3,4,53.7,3-5-2,44.0,15.0,20.0,17.0,2.0,9.0,0.0,3.0,5.0,1.0,2.0,26.0,22.0,11.0,461.0,402.0,81.0,34.0,14.0,102940.3,87.20173535791757
58,2025-07-04,palmeiras,Palmeiras,Chelsea FC,1,2,https://www.fifatrainingcentre.com/media/native/practice/M58%20SEP%20V%20CHE%20POST%20MATCH%20REPORT.pdf,3,4,37.9,5-3-2,28.0,11.0,18.0,15.0,5.0,17.0,3.0,4.0,4.0,1.0,2.0,26.0,24.0,9.0,315.0,259.0,61.0,50.0,7.0,105928.9,82.22222222222223
58,2025-07-04,chelseafc,Chelsea FC,Palmeiras,2,1,https://www.fifatrainingcentre.com/media/native/practice/M58%20SEP%20V%20CHE%20POST%20MATCH%20REPORT.pdf,3,4,51.5,4-1-2-3,39.0,12.0,18.0,20.0,3.0,12.0,2.0,5.0,6.0,1.0,7.0,19.0,13.0,10.0,509.0,454.0,102.0,45.0,19.0,106584.9,89.19449901768174
59,2025-07-05,parissaintgermain,Paris Saint-Germain,FC Bayern München,2,0,https://www.fifatrainingcentre.com/media/native/practice/M59%20PSG%20V%20BAY%20POST%20MATCH%20REPORT.pdf,3,4,43.6,4-1-2-3,26.0,17.0,19.0,9.0,6.0,16.0,2.0,10.0,5.0,0.0,3.0,7.0,24.0,13.0,376.0,295.0,71.0,46.0,10.0,113191.3,78.45744680851064
59,2025-07-05,fcbayernmunchen,FC Bayern München,Paris Saint-Germain,0,2,https://www.fifatrainingcentre.com/media/native/practice/M59%20PSG%20V%20BAY%20POST%20MATCH%20REPORT.pdf,3,4,48.8,4-2-3-1,17.0,14.0,18.0,28.0,4.0,18.0,0.0,17.0,5.0,1.0,7.0,10.0,6.0,11.0,430.0,350.0,102.0,50.0,12.0,120934.8,81.3953488372093
60,2025-07-05,realmadridcf,Real Madrid C. F.,Borussia Dortmund,3,2,https://www.fifatrainingcentre.com/media/native/practice/M60%20RMA%20V%20BVB%20POST%20MATCH%20REPORT.pdf,3,4,45.5,4-2-3-1,31.0,19.0,18.0,18.0,4.0,12.0,2.0,4.0,3.0,1.0,7.0,26.0,26.0,6.0,525.0,463.0,107.0,28.0,15.0,109790.90000000001,88.19047619047619
60,2025-07-05,borussiadortmund,Borussia Dortmund,Real Madrid C. F.,2,3,https://www.fifatrainingcentre.com/media/native/practice/M60%20RMA%20V%20BVB%20POST%20MATCH%20REPORT.pdf,3,4,49.6,3-5-2,44.0,15.0,18.0,19.0,1.0,9.0,1.0,4.0,5.0,0.0,8.0,22.0,21.0,8.0,563.0,511.0,110.0,34.0,12.0,114339.5,90.76376554174068
61,2025-07-08,fluminensefc,Fluminense FC,Chelsea FC,0,2,https://www.fifatrainingcentre.com/media/native/practice/M61%20FLU%20V%20CHE%20POST%20MATCH%20REPORT.pdf,3,4,44.2,3-4-1-2,33.0,17.0,18.0,14.0,2.0,12.0,1.0,7.0,6.0,0.0,4.0,24.0,23.0,6.0,448.0,392.0,99.0,48.0,11.0,101069.7,87.5
61,2025-07-08,chelseafc,Chelsea FC,Fluminense FC,2,0,https://www.fifatrainingcentre.com/media/native/practice/M61%20FLU%20V%20CHE%20POST%20MATCH%20REPORT.pdf,3,4,49.6,4-1-2-3,38.0,17.0,20.0,19.0,2.0,8.0,2.0,8.0,5.0,0.0,9.0,20.0,15.0,7.0,521.0,467.0,95.0,42.0,15.0,101445.4,89.63531669865642
62,2025-07-09,parissaintgermain,Paris Saint-Germain,Real Madrid C. F.,4,0,https://www.fifatrainingcentre.com/media/native/tournaments/fcwc/2025/M62%20PSG%20V%20RMA%20POST%20MATCH%20REPORT.pdf,3,4,63.5,4-1-2-3,39.0,17.0,19.0,14.0,1.0,8.0,1.0,7.0,4.0,1.0,4.0,12.0,21.0,10.0,701.0,647.0,160.0,42.0,18.0,104561.2,92.29671897289586
62,2025-07-09,realmadridcf,Real Madrid C. F.,Paris Saint-Germain,0,4,https://www.fifatrainingcentre.com/media/native/tournaments/fcwc/2025/M62%20PSG%20V%20RMA%20POST%20MATCH%20REPORT.pdf,3,4,30.8,4-1-2-3,21.0,17.0,25.0,24.0,4.0,14.0,3.0,6.0,3.0,0.0,9.0,32.0,19.0,7.0,335.0,283.0,82.0,35.0,11.0,104658.6,84.4776119402985
63,2025-07-13,chelseafc,Chelsea FC,Paris Saint-Germain,3,0,https://www.fifatrainingcentre.com/media/native/tournaments/fcwc/2025/M63%20CHE%20V%20PSG%20POST%20MATCH%20REPORT.pdf,3,4,32.3,4-2-3-1,13.0,12.0,16.0,18.0,9.0,18.0,1.0,6.0,4.0,0.0,8.0,27.0,22.0,6.0,327.0,263.0,67.0,44.0,9.0,111231.1,80.42813455657492
63,2025-07-13,parissaintgermain,Paris Saint-Germain,Chelsea FC,0,3,https://www.fifatrainingcentre.com/media/native/tournaments/fcwc/2025/M63%20CHE%20V%20PSG%20POST%20MATCH%20REPORT.pdf,3,4,61.0,4-1-2-3,40.0,18.0,23.0,16.0,1.0,7.0,1.0,10.0,5.0,1.0,4.0,5.0,12.0,15.0,620.0,567.0,136.0,49.0,9.0,109814.3,91.45161290322581
